Plate information ,,,,,,,,,,,,,,,,
Plate,Repeat,Barcode,Measured height,Chamber temperature at start,Chamber temperature at end,Humidity at start,Humidity at end,Ambient temperature at start,Ambient temperature at end,Group,Label,ScanX,ScanY,Measinfo,Kinetics,Measurement date
1,1,,14.53,25.02,24.95,44,44.2,22.36,22.28,1,US LUM 96 (cps)(1),0,0,De=USLum Ex=N/A Em=N/A Wdw=N/A,0,11/6/2020 16:31
,,,,,,,,,,,,,,,,
Background information,,,,,,,,,,,,,,,,
Plate,Label,Result,Signal,Flashes/Time,Meastime,MeasInfo,,,,,,,,,,
1,US LUM 96 (cps),0,716,0.1,00:00.0,De=USLum Ex=N/A Em=N/A Wdw=N/A,,,,,,,,,,
,,,,,,,,,,,,,,,,
Results for US LUM 96 (cps)(1) - channel 0 (CPS),,,,,,,,,,,,,,,,
,1,2,3,4,5,6,7,8,9,10,11,12,,,,
A,,,,,,,,,,,,,,,,
B,,13423400,19734320,77814520,,10526080,20736120,74685680,,,,,,,,
C,,246600,1467640,14319600,,133080,67640,1378040,,,,,,,,
D,,6160,122280,1299800,,18320,15000,493360,3638520,3353400,2975560,,,,,
E,,266200,1364560,19312200,,14971520,1705560,17022120,,,,,,,,
F,,14760,14040,551960,,7431160,159560,6072320,,,,,,,,
G,,2480,3880,55560,,517440,2920,53160,,,,,,,,
H,,,,,,,,,,,,,,,,
,,,,,,,,,,,,,,,,
Plate information ,,,,,,,,,,,,,,,,
Plate,Repeat,Barcode,Measured height,Chamber temperature at start,Chamber temperature at end,Humidity at start,Humidity at end,Ambient temperature at start,Ambient temperature at end,Group,Label,ScanX,ScanY,Measinfo,Kinetics,Measurement date
1,2,,14.53,24.95,24.95,44.2,43.9,22.28,22.28,1,US LUM 96 (cps)(1),0,0,De=USLum Ex=N/A Em=N/A Wdw=N/A,0,11/6/2020 16:32
,,,,,,,,,,,,,,,,
Background information,,,,,,,,,,,,,,,,
Plate,Label,Result,Signal,Flashes/Time,Meastime,MeasInfo,,,,,,,,,,
1,US LUM 96 (cps),0,716,0.1,00:00.0,De=USLum Ex=N/A Em=N/A Wdw=N/A,,,,,,,,,,
,,,,,,,,,,,,,,,,
Results for US LUM 96 (cps)(1) - channel 0 (CPS),,,,,,,,,,,,,,,,
,1,2,3,4,5,6,7,8,9,10,11,12,,,,
A,,,,,,,,,,,,,,,,
B,,13400400,19801560,76145080,,11215240,22024040,74701240,,,,,,,,
C,,245000,1489120,14398920,,138000,67000,1437720,,,,,,,,
D,,6440,122960,1290120,,17080,13720,498960,3715000,3311120,2978720,,,,,
E,,261040,1401040,18756080,,15127720,1790760,17548080,,,,,,,,
F,,14440,13560,519760,,7365440,149880,6022280,,,,,,,,
G,,2480,3840,52080,,518880,2760,54160,,,,,,,,
H,,,,,,,,,,,,,,,,
,,,,,,,,,,,,,,,,
Plate information ,,,,,,,,,,,,,,,,
Plate,Repeat,Barcode,Measured height,Chamber temperature at start,Chamber temperature at end,Humidity at start,Humidity at end,Ambient temperature at start,Ambient temperature at end,Group,Label,ScanX,ScanY,Measinfo,Kinetics,Measurement date
1,3,,14.53,24.95,25,44,44,22.28,22.28,1,US LUM 96 (cps)(1),0,0,De=USLum Ex=N/A Em=N/A Wdw=N/A,0,11/6/2020 16:33
,,,,,,,,,,,,,,,,
Background information,,,,,,,,,,,,,,,,
Plate,Label,Result,Signal,Flashes/Time,Meastime,MeasInfo,,,,,,,,,,
1,US LUM 96 (cps),0,716,0.1,00:00.0,De=USLum Ex=N/A Em=N/A Wdw=N/A,,,,,,,,,,
,,,,,,,,,,,,,,,,
Results for US LUM 96 (cps)(1) - channel 0 (CPS),,,,,,,,,,,,,,,,
,1,2,3,4,5,6,7,8,9,10,11,12,,,,
A,,,,,,,,,,,,,,,,
B,,12722000,19028280,71849800,,11523120,22678880,72485440,,,,,,,,
C,,234920,1452120,14084440,,134920,65920,1469240,,,,,,,,
D,,6200,116680,1262560,,16640,14520,494960,3654440,3229880,2934920,,,,,
E,,254920,1361680,17724080,,15077680,1874600,17966040,,,,,,,,
F,,14200,12760,494080,,7196840,145840,5908360,,,,,,,,
G,,2040,3760,51040,,522120,2560,53800,,,,,,,,
H,,,,,,,,,,,,,,,,
,,,,,,,,,,,,,,,,
Plate information ,,,,,,,,,,,,,,,,
Plate,Repeat,Barcode,Measured height,Chamber temperature at start,Chamber temperature at end,Humidity at start,Humidity at end,Ambient temperature at start,Ambient temperature at end,Group,Label,ScanX,ScanY,Measinfo,Kinetics,Measurement date
1,4,,14.53,25,24.95,43.9,43.7,22.28,22.38,1,US LUM 96 (cps)(1),0,0,De=USLum Ex=N/A Em=N/A Wdw=N/A,0,11/6/2020 16:34
,,,,,,,,,,,,,,,,
Background information,,,,,,,,,,,,,,,,
Plate,Label,Result,Signal,Flashes/Time,Meastime,MeasInfo,,,,,,,,,,
1,US LUM 96 (cps),0,716,0.1,00:00.0,De=USLum Ex=N/A Em=N/A Wdw=N/A,,,,,,,,,,
,,,,,,,,,,,,,,,,
Results for US LUM 96 (cps)(1) - channel 0 (CPS),,,,,,,,,,,,,,,,
,1,2,3,4,5,6,7,8,9,10,11,12,,,,
A,,,,,,,,,,,,,,,,
B,,12086840,18320360,67854760,,11685560,23053680,70169880,,,,,,,,
C,,226600,1426840,13756120,,137040,61960,1484680,,,,,,,,
D,,6360,113280,1227880,,15880,13400,490680,3675360,3212040,2944560,,,,,
E,,254680,1329520,16790120,,14996480,1950640,18201440,,,,,,,,
F,,14280,12320,471920,,6980040,143360,5732000,,,,,,,,
G,,2640,3360,49280,,517720,2600,52080,,,,,,,,
H,,,,,,,,,,,,,,,,
,,,,,,,,,,,,,,,,
Plate information ,,,,,,,,,,,,,,,,
Plate,Repeat,Barcode,Measured height,Chamber temperature at start,Chamber temperature at end,Humidity at start,Humidity at end,Ambient temperature at start,Ambient temperature at end,Group,Label,ScanX,ScanY,Measinfo,Kinetics,Measurement date
1,5,,14.53,24.95,25,43.6,43.4,22.38,22.38,1,US LUM 96 (cps)(1),0,0,De=USLum Ex=N/A Em=N/A Wdw=N/A,0,11/6/2020 16:35
,,,,,,,,,,,,,,,,
Background information,,,,,,,,,,,,,,,,
Plate,Label,Result,Signal,Flashes/Time,Meastime,MeasInfo,,,,,,,,,,
1,US LUM 96 (cps),0,716,0.1,00:00.0,De=USLum Ex=N/A Em=N/A Wdw=N/A,,,,,,,,,,
,,,,,,,,,,,,,,,,
Results for US LUM 96 (cps)(1) - channel 0 (CPS),,,,,,,,,,,,,,,,
,1,2,3,4,5,6,7,8,9,10,11,12,,,,
A,,,,,,,,,,,,,,,,
B,,11502640,17584200,64052120,,11731680,23232800,67744240,,,,,,,,
C,,223480,1388480,13403680,,135440,61760,1485280,,,,,,,,
D,,5920,113440,1199160,,15520,14040,477960,3682680,3208040,2955440,,,,,
E,,245800,1298280,15992120,,14827120,2020400,18325880,,,,,,,,
F,,13440,12600,451240,,6756440,142680,5544280,,,,,,,,
G,,2320,3600,51080,,507720,2480,52560,,,,,,,,
H,,,,,,,,,,,,,,,,
,,,,,,,,,,,,,,,,
Plate information ,,,,,,,,,,,,,,,,
Plate,Repeat,Barcode,Measured height,Chamber temperature at start,Chamber temperature at end,Humidity at start,Humidity at end,Ambient temperature at start,Ambient temperature at end,Group,Label,ScanX,ScanY,Measinfo,Kinetics,Measurement date
1,6,,14.53,24.95,24.95,43.4,43.3,22.38,22.28,1,US LUM 96 (cps)(1),0,0,De=USLum Ex=N/A Em=N/A Wdw=N/A,0,11/6/2020 16:36
,,,,,,,,,,,,,,,,
Background information,,,,,,,,,,,,,,,,
Plate,Label,Result,Signal,Flashes/Time,Meastime,MeasInfo,,,,,,,,,,
1,US LUM 96 (cps),0,716,0.1,00:00.0,De=USLum Ex=N/A Em=N/A Wdw=N/A,,,,,,,,,,
,,,,,,,,,,,,,,,,
Results for US LUM 96 (cps)(1) - channel 0 (CPS),,,,,,,,,,,,,,,,
,1,2,3,4,5,6,7,8,9,10,11,12,,,,
A,,,,,,,,,,,,,,,,
B,,10965280,16837840,60466840,,11683400,23212480,65308440,,,,,,,,
C,,213920,1357640,13050480,,133920,62720,1474080,,,,,,,,
D,,5840,107480,1174200,,15040,13240,477480,3721920,3236480,2995400,,,,,
E,,239840,1274360,15212920,,14650040,2072680,18366400,,,,,,,,
F,,13400,12080,429520,,6520360,141120,5381880,,,,,,,,
G,,2440,3040,48200,,489720,2480,50960,,,,,,,,
H,,,,,,,,,,,,,,,,
,,,,,,,,,,,,,,,,
Plate information ,,,,,,,,,,,,,,,,
Plate,Repeat,Barcode,Measured height,Chamber temperature at start,Chamber temperature at end,Humidity at start,Humidity at end,Ambient temperature at start,Ambient temperature at end,Group,Label,ScanX,ScanY,Measinfo,Kinetics,Measurement date
1,7,,14.53,25,25,43.1,43.1,22.28,22.28,1,US LUM 96 (cps)(1),0,0,De=USLum Ex=N/A Em=N/A Wdw=N/A,0,11/6/2020 16:37
,,,,,,,,,,,,,,,,
Background information,,,,,,,,,,,,,,,,
Plate,Label,Result,Signal,Flashes/Time,Meastime,MeasInfo,,,,,,,,,,
1,US LUM 96 (cps),0,716,0.1,00:00.0,De=USLum Ex=N/A Em=N/A Wdw=N/A,,,,,,,,,,
,,,,,,,,,,,,,,,,
Results for US LUM 96 (cps)(1) - channel 0 (CPS),,,,,,,,,,,,,,,,
,1,2,3,4,5,6,7,8,9,10,11,12,,,,
A,,,,,,,,,,,,,,,,
B,,10442040,16168120,57106480,,11603560,23052920,62817920,,,,,,,,
C,,206840,1319760,12707480,,129880,61640,1467320,,,,,,,,
D,,5760,104480,1143240,,14680,13320,469560,3759080,3278200,3051520,,,,,
E,,237320,1245960,14554280,,14479200,2139840,18341840,,,,,,,,
F,,13600,12080,408600,,6266160,141440,5196080,,,,,,,,
G,,2240,3400,47080,,479000,2360,49960,,,,,,,,
H,,,,,,,,,,,,,,,,
,,,,,,,,,,,,,,,,
Plate information ,,,,,,,,,,,,,,,,
Plate,Repeat,Barcode,Measured height,Chamber temperature at start,Chamber temperature at end,Humidity at start,Humidity at end,Ambient temperature at start,Ambient temperature at end,Group,Label,ScanX,ScanY,Measinfo,Kinetics,Measurement date
1,8,,14.53,25,25.05,43.1,42.9,22.28,22.18,1,US LUM 96 (cps)(1),0,0,De=USLum Ex=N/A Em=N/A Wdw=N/A,0,11/6/2020 16:38
,,,,,,,,,,,,,,,,
Background information,,,,,,,,,,,,,,,,
Plate,Label,Result,Signal,Flashes/Time,Meastime,MeasInfo,,,,,,,,,,
1,US LUM 96 (cps),0,716,0.1,00:00.0,De=USLum Ex=N/A Em=N/A Wdw=N/A,,,,,,,,,,
,,,,,,,,,,,,,,,,
Results for US LUM 96 (cps)(1) - channel 0 (CPS),,,,,,,,,,,,,,,,
,1,2,3,4,5,6,7,8,9,10,11,12,,,,
A,,,,,,,,,,,,,,,,
B,,9978400,15464720,53819160,,11463840,22833200,60400400,,,,,,,,
C,,199440,1291400,12350120,,130880,59120,1446920,,,,,,,,
D,,6080,100320,1110200,,14000,12240,462280,3807880,3319280,3110960,,,,,
E,,233560,1215880,13886680,,14264240,2203640,18250360,,,,,,,,
F,,13640,12040,397200,,6057000,140480,5051800,,,,,,,,
G,,2320,3040,45480,,468600,2560,47800,,,,,,,,
H,,,,,,,,,,,,,,,,
,,,,,,,,,,,,,,,,
Plate information ,,,,,,,,,,,,,,,,
Plate,Repeat,Barcode,Measured height,Chamber temperature at start,Chamber temperature at end,Humidity at start,Humidity at end,Ambient temperature at start,Ambient temperature at end,Group,Label,ScanX,ScanY,Measinfo,Kinetics,Measurement date
1,9,,14.53,25.05,25,43.1,42.8,22.18,22.48,1,US LUM 96 (cps)(1),0,0,De=USLum Ex=N/A Em=N/A Wdw=N/A,0,11/6/2020 16:39
,,,,,,,,,,,,,,,,
Background information,,,,,,,,,,,,,,,,
Plate,Label,Result,Signal,Flashes/Time,Meastime,MeasInfo,,,,,,,,,,
1,US LUM 96 (cps),0,716,0.1,00:00.0,De=USLum Ex=N/A Em=N/A Wdw=N/A,,,,,,,,,,
,,,,,,,,,,,,,,,,
Results for US LUM 96 (cps)(1) - channel 0 (CPS),,,,,,,,,,,,,,,,
,1,2,3,4,5,6,7,8,9,10,11,12,,,,
A,,,,,,,,,,,,,,,,
B,,9517240,14813320,50789600,,11333960,22568400,57990640,,,,,,,,
C,,193680,1258080,11992280,,126960,59520,1438480,,,,,,,,
D,,5600,98760,1077120,,14120,12440,458640,3866720,3367040,3171800,,,,,
E,,224400,1199160,13271480,,14087400,2253200,18161040,,,,,,,,
F,,13280,11400,383680,,5854880,142160,4902800,,,,,,,,
G,,2160,3440,46680,,454480,2400,46800,,,,,,,,
H,,,,,,,,,,,,,,,,
,,,,,,,,,,,,,,,,
Plate information ,,,,,,,,,,,,,,,,
Plate,Repeat,Barcode,Measured height,Chamber temperature at start,Chamber temperature at end,Humidity at start,Humidity at end,Ambient temperature at start,Ambient temperature at end,Group,Label,ScanX,ScanY,Measinfo,Kinetics,Measurement date
1,10,,14.53,25,25.05,42.6,42.6,22.48,22.48,1,US LUM 96 (cps)(1),0,0,De=USLum Ex=N/A Em=N/A Wdw=N/A,0,11/6/2020 16:40
,,,,,,,,,,,,,,,,
Background information,,,,,,,,,,,,,,,,
Plate,Label,Result,Signal,Flashes/Time,Meastime,MeasInfo,,,,,,,,,,
1,US LUM 96 (cps),0,716,0.1,00:00.0,De=USLum Ex=N/A Em=N/A Wdw=N/A,,,,,,,,,,
,,,,,,,,,,,,,,,,
Results for US LUM 96 (cps)(1) - channel 0 (CPS),,,,,,,,,,,,,,,,
,1,2,3,4,5,6,7,8,9,10,11,12,,,,
A,,,,,,,,,,,,,,,,
B,,9090680,14171000,47957400,,11209800,22217080,55725480,,,,,,,,
C,,183640,1209600,11610280,,126240,58240,1415640,,,,,,,,
D,,5480,94720,1041480,,13760,11960,459120,3925400,3418320,3221720,,,,,
E,,221560,1178320,12722840,,13889920,2303360,18049320,,,,,,,,
F,,12560,10960,371880,,5646640,139720,4768640,,,,,,,,
G,,2320,3160,44320,,439840,2240,44600,,,,,,,,
H,,,,,,,,,,,,,,,,
,,,,,,,,,,,,,,,,
Plate information ,,,,,,,,,,,,,,,,
Plate,Repeat,Barcode,Measured height,Chamber temperature at start,Chamber temperature at end,Humidity at start,Humidity at end,Ambient temperature at start,Ambient temperature at end,Group,Label,ScanX,ScanY,Measinfo,Kinetics,Measurement date
1,11,,14.53,25.05,25,42.8,42.8,22.38,22.48,1,US LUM 96 (cps)(1),0,0,De=USLum Ex=N/A Em=N/A Wdw=N/A,0,11/6/2020 16:41
,,,,,,,,,,,,,,,,
Background information,,,,,,,,,,,,,,,,
Plate,Label,Result,Signal,Flashes/Time,Meastime,MeasInfo,,,,,,,,,,
1,US LUM 96 (cps),0,716,0.1,00:00.0,De=USLum Ex=N/A Em=N/A Wdw=N/A,,,,,,,,,,
,,,,,,,,,,,,,,,,
Results for US LUM 96 (cps)(1) - channel 0 (CPS),,,,,,,,,,,,,,,,
,1,2,3,4,5,6,7,8,9,10,11,12,,,,
A,,,,,,,,,,,,,,,,
B,,8649520,13576680,45286440,,11023680,21871360,53483040,,,,,,,,
C,,176400,1172320,11247840,,122440,57840,1390000,,,,,,,,
D,,4920,91840,1022520,,14520,12200,450440,3961400,3471160,3289800,,,,,
E,,217840,1158600,12137680,,13711720,2362680,17960880,,,,,,,,
F,,12760,10840,358640,,5458000,141600,4650520,,,,,,,,
G,,2320,3480,44520,,431800,1960,44040,,,,,,,,
H,,,,,,,,,,,,,,,,
,,,,,,,,,,,,,,,,
Plate information ,,,,,,,,,,,,,,,,
Plate,Repeat,Barcode,Measured height,Chamber temperature at start,Chamber temperature at end,Humidity at start,Humidity at end,Ambient temperature at start,Ambient temperature at end,Group,Label,ScanX,ScanY,Measinfo,Kinetics,Measurement date
1,12,,14.53,25,25.05,42.8,42.9,22.58,22.58,1,US LUM 96 (cps)(1),0,0,De=USLum Ex=N/A Em=N/A Wdw=N/A,0,11/6/2020 16:42
,,,,,,,,,,,,,,,,
Background information,,,,,,,,,,,,,,,,
Plate,Label,Result,Signal,Flashes/Time,Meastime,MeasInfo,,,,,,,,,,
1,US LUM 96 (cps),0,716,0.1,00:00.0,De=USLum Ex=N/A Em=N/A Wdw=N/A,,,,,,,,,,
,,,,,,,,,,,,,,,,
Results for US LUM 96 (cps)(1) - channel 0 (CPS),,,,,,,,,,,,,,,,
,1,2,3,4,5,6,7,8,9,10,11,12,,,,
A,,,,,,,,,,,,,,,,
B,,8280040,12966720,42835840,,10864040,21459560,51302400,,,,,,,,
C,,169880,1130920,10904080,,120920,56560,1380120,,,,,,,,
D,,4840,89000,980880,,14040,11880,449240,4013280,3523560,3352200,,,,,
E,,211040,1140400,11639240,,13556600,2415800,17828080,,,,,,,,
F,,12600,10800,348320,,5260240,144360,4519040,,,,,,,,
G,,2120,3240,43760,,419720,2040,43400,,,,,,,,
H,,,,,,,,,,,,,,,,
,,,,,,,,,,,,,,,,
Plate information ,,,,,,,,,,,,,,,,
Plate,Repeat,Barcode,Measured height,Chamber temperature at start,Chamber temperature at end,Humidity at start,Humidity at end,Ambient temperature at start,Ambient temperature at end,Group,Label,ScanX,ScanY,Measinfo,Kinetics,Measurement date
1,13,,14.53,25,25.05,42.9,42.9,22.48,22.48,1,US LUM 96 (cps)(1),0,0,De=USLum Ex=N/A Em=N/A Wdw=N/A,0,11/6/2020 16:43
,,,,,,,,,,,,,,,,
Background information,,,,,,,,,,,,,,,,
Plate,Label,Result,Signal,Flashes/Time,Meastime,MeasInfo,,,,,,,,,,
1,US LUM 96 (cps),0,716,0.1,00:00.0,De=USLum Ex=N/A Em=N/A Wdw=N/A,,,,,,,,,,
,,,,,,,,,,,,,,,,
Results for US LUM 96 (cps)(1) - channel 0 (CPS),,,,,,,,,,,,,,,,
,1,2,3,4,5,6,7,8,9,10,11,12,,,,
A,,,,,,,,,,,,,,,,
B,,7911800,12393760,40452440,,10702600,21030360,49257880,,,,,,,,
C,,165400,1092800,10521680,,115920,56360,1353680,,,,,,,,
D,,4680,85120,948040,,13640,12080,436640,4064560,3575760,3408120,,,,,
E,,204560,1111360,11160840,,13371760,2466040,17648160,,,,,,,,
F,,11560,10960,336520,,5092120,143760,4406880,,,,,,,,
G,,2080,3280,44000,,408120,2120,42200,,,,,,,,
H,,,,,,,,,,,,,,,,
,,,,,,,,,,,,,,,,
Plate information ,,,,,,,,,,,,,,,,
Plate,Repeat,Barcode,Measured height,Chamber temperature at start,Chamber temperature at end,Humidity at start,Humidity at end,Ambient temperature at start,Ambient temperature at end,Group,Label,ScanX,ScanY,Measinfo,Kinetics,Measurement date
1,14,,14.53,25.05,25,42.9,43.3,22.48,22.68,1,US LUM 96 (cps)(1),0,0,De=USLum Ex=N/A Em=N/A Wdw=N/A,0,11/6/2020 16:44
,,,,,,,,,,,,,,,,
Background information,,,,,,,,,,,,,,,,
Plate,Label,Result,Signal,Flashes/Time,Meastime,MeasInfo,,,,,,,,,,
1,US LUM 96 (cps),0,716,0.1,00:00.0,De=USLum Ex=N/A Em=N/A Wdw=N/A,,,,,,,,,,
,,,,,,,,,,,,,,,,
Results for US LUM 96 (cps)(1) - channel 0 (CPS),,,,,,,,,,,,,,,,
,1,2,3,4,5,6,7,8,9,10,11,12,,,,
A,,,,,,,,,,,,,,,,
B,,7529440,11877040,38323680,,10495920,20631200,47294200,,,,,,,,
C,,155520,1049240,10178480,,116120,57480,1331280,,,,,,,,
D,,4720,83920,912160,,13240,11480,435280,4091480,3612800,3441280,,,,,
E,,202400,1094320,10684760,,13215960,2501080,17548480,,,,,,,,
F,,12200,10840,326840,,4957560,143520,4300840,,,,,,,,
G,,2200,2960,42880,,398720,2000,40520,,,,,,,,
H,,,,,,,,,,,,,,,,
,,,,,,,,,,,,,,,,
Plate information ,,,,,,,,,,,,,,,,
Plate,Repeat,Barcode,Measured height,Chamber temperature at start,Chamber temperature at end,Humidity at start,Humidity at end,Ambient temperature at start,Ambient temperature at end,Group,Label,ScanX,ScanY,Measinfo,Kinetics,Measurement date
1,15,,14.53,25,25.05,42.9,43.3,22.68,22.48,1,US LUM 96 (cps)(1),0,0,De=USLum Ex=N/A Em=N/A Wdw=N/A,0,11/6/2020 16:45
,,,,,,,,,,,,,,,,
Background information,,,,,,,,,,,,,,,,
Plate,Label,Result,Signal,Flashes/Time,Meastime,MeasInfo,,,,,,,,,,
1,US LUM 96 (cps),0,716,0.1,00:00.0,De=USLum Ex=N/A Em=N/A Wdw=N/A,,,,,,,,,,
,,,,,,,,,,,,,,,,
Results for US LUM 96 (cps)(1) - channel 0 (CPS),,,,,,,,,,,,,,,,
,1,2,3,4,5,6,7,8,9,10,11,12,,,,
A,,,,,,,,,,,,,,,,
B,,7209880,11361400,36249200,,10292200,20174560,45333280,,,,,,,,
C,,149040,1016880,9822200,,112640,55800,1306920,,,,,,,,
D,,4680,80120,873280,,12800,11360,426240,4136160,3652280,3483800,,,,,
E,,196360,1071440,10258600,,13039480,2552040,17405520,,,,,,,,
F,,12320,10680,313640,,4800000,146880,4206680,,,,,,,,
G,,2200,3320,42320,,388040,1960,40880,,,,,,,,
H,,,,,,,,,,,,,,,,
,,,,,,,,,,,,,,,,
Plate information ,,,,,,,,,,,,,,,,
Plate,Repeat,Barcode,Measured height,Chamber temperature at start,Chamber temperature at end,Humidity at start,Humidity at end,Ambient temperature at start,Ambient temperature at end,Group,Label,ScanX,ScanY,Measinfo,Kinetics,Measurement date
1,16,,14.53,25.05,25,43.3,43.4,22.48,22.58,1,US LUM 96 (cps)(1),0,0,De=USLum Ex=N/A Em=N/A Wdw=N/A,0,11/6/2020 16:46
,,,,,,,,,,,,,,,,
Background information,,,,,,,,,,,,,,,,
Plate,Label,Result,Signal,Flashes/Time,Meastime,MeasInfo,,,,,,,,,,
1,US LUM 96 (cps),0,716,0.1,00:00.0,De=USLum Ex=N/A Em=N/A Wdw=N/A,,,,,,,,,,
,,,,,,,,,,,,,,,,
Results for US LUM 96 (cps)(1) - channel 0 (CPS),,,,,,,,,,,,,,,,
,1,2,3,4,5,6,7,8,9,10,11,12,,,,
A,,,,,,,,,,,,,,,,
B,,6863720,10870200,34384080,,10090520,19726120,43566920,,,,,,,,
C,,143080,970520,9463840,,109720,54840,1284160,,,,,,,,
D,,4600,77640,844720,,11760,10760,422640,4161040,3698200,3519480,,,,,
E,,193560,1046720,9833280,,12902400,2591880,17264800,,,,,,,,
F,,11440,10680,305720,,4652040,146880,4092720,,,,,,,,
G,,2000,3080,40320,,380120,1760,38160,,,,,,,,
H,,,,,,,,,,,,,,,,
,,,,,,,,,,,,,,,,
Plate information ,,,,,,,,,,,,,,,,
Plate,Repeat,Barcode,Measured height,Chamber temperature at start,Chamber temperature at end,Humidity at start,Humidity at end,Ambient temperature at start,Ambient temperature at end,Group,Label,ScanX,ScanY,Measinfo,Kinetics,Measurement date
1,17,,14.53,25.05,25.05,43.4,43.3,22.58,22.48,1,US LUM 96 (cps)(1),0,0,De=USLum Ex=N/A Em=N/A Wdw=N/A,0,11/6/2020 16:47
,,,,,,,,,,,,,,,,
Background information,,,,,,,,,,,,,,,,
Plate,Label,Result,Signal,Flashes/Time,Meastime,MeasInfo,,,,,,,,,,
1,US LUM 96 (cps),0,716,0.1,00:00.0,De=USLum Ex=N/A Em=N/A Wdw=N/A,,,,,,,,,,
,,,,,,,,,,,,,,,,
Results for US LUM 96 (cps)(1) - channel 0 (CPS),,,,,,,,,,,,,,,,
,1,2,3,4,5,6,7,8,9,10,11,12,,,,
A,,,,,,,,,,,,,,,,
B,,6557280,10406240,32564600,,9898800,19289080,41780000,,,,,,,,
C,,135000,932040,9142360,,108320,54120,1262160,,,,,,,,
D,,4680,75800,810600,,13400,10440,418600,4168600,3719680,3551440,,,,,
E,,187240,1025600,9438000,,12735480,2636480,17139120,,,,,,,,
F,,11240,10040,295800,,4517520,148400,3999840,,,,,,,,
G,,2080,3520,41320,,376200,1760,38360,,,,,,,,
H,,,,,,,,,,,,,,,,
,,,,,,,,,,,,,,,,
Plate information ,,,,,,,,,,,,,,,,
Plate,Repeat,Barcode,Measured height,Chamber temperature at start,Chamber temperature at end,Humidity at start,Humidity at end,Ambient temperature at start,Ambient temperature at end,Group,Label,ScanX,ScanY,Measinfo,Kinetics,Measurement date
1,18,,14.53,25,25,43.4,43.4,22.38,22.48,1,US LUM 96 (cps)(1),0,0,De=USLum Ex=N/A Em=N/A Wdw=N/A,0,11/6/2020 16:48
,,,,,,,,,,,,,,,,
Background information,,,,,,,,,,,,,,,,
Plate,Label,Result,Signal,Flashes/Time,Meastime,MeasInfo,,,,,,,,,,
1,US LUM 96 (cps),0,716,0.1,00:00.0,De=USLum Ex=N/A Em=N/A Wdw=N/A,,,,,,,,,,
,,,,,,,,,,,,,,,,
Results for US LUM 96 (cps)(1) - channel 0 (CPS),,,,,,,,,,,,,,,,
,1,2,3,4,5,6,7,8,9,10,11,12,,,,
A,,,,,,,,,,,,,,,,
B,,6261880,9939000,30898040,,9684520,18804680,40102400,,,,,,,,
C,,127760,897840,8798400,,104760,55360,1238600,,,,,,,,
D,,4520,70800,775040,,12600,11000,410040,4188560,3752280,3579560,,,,,
E,,179720,999800,9047800,,12568400,2673920,16994320,,,,,,,,
F,,11560,9880,291760,,4391440,149120,3908280,,,,,,,,
G,,2280,3240,42360,,367280,1800,37280,,,,,,,,
H,,,,,,,,,,,,,,,,
,,,,,,,,,,,,,,,,
Plate information ,,,,,,,,,,,,,,,,
Plate,Repeat,Barcode,Measured height,Chamber temperature at start,Chamber temperature at end,Humidity at start,Humidity at end,Ambient temperature at start,Ambient temperature at end,Group,Label,ScanX,ScanY,Measinfo,Kinetics,Measurement date
1,19,,14.53,25,25.05,43.6,43.6,22.48,22.38,1,US LUM 96 (cps)(1),0,0,De=USLum Ex=N/A Em=N/A Wdw=N/A,0,11/6/2020 16:49
,,,,,,,,,,,,,,,,
Background information,,,,,,,,,,,,,,,,
Plate,Label,Result,Signal,Flashes/Time,Meastime,MeasInfo,,,,,,,,,,
1,US LUM 96 (cps),0,716,0.1,00:00.0,De=USLum Ex=N/A Em=N/A Wdw=N/A,,,,,,,,,,
,,,,,,,,,,,,,,,,
Results for US LUM 96 (cps)(1) - channel 0 (CPS),,,,,,,,,,,,,,,,
,1,2,3,4,5,6,7,8,9,10,11,12,,,,
A,,,,,,,,,,,,,,,,
B,,5969160,9507240,29334320,,9480600,18339480,38537960,,,,,,,,
C,,121960,855760,8459040,,103560,52880,1219800,,,,,,,,
D,,3880,68720,758160,,12440,10880,404880,4183920,3760440,3606520,,,,,
E,,176880,983600,8680880,,12427560,2699560,16848360,,,,,,,,
F,,10800,9920,280640,,4293840,148840,3811640,,,,,,,,
G,,1960,2760,40440,,361200,1880,36560,,,,,,,,
H,,,,,,,,,,,,,,,,
,,,,,,,,,,,,,,,,
Plate information ,,,,,,,,,,,,,,,,
Plate,Repeat,Barcode,Measured height,Chamber temperature at start,Chamber temperature at end,Humidity at start,Humidity at end,Ambient temperature at start,Ambient temperature at end,Group,Label,ScanX,ScanY,Measinfo,Kinetics,Measurement date
1,20,,14.53,25,25,43.6,43.3,22.38,22.58,1,US LUM 96 (cps)(1),0,0,De=USLum Ex=N/A Em=N/A Wdw=N/A,0,11/6/2020 16:50
,,,,,,,,,,,,,,,,
Background information,,,,,,,,,,,,,,,,
Plate,Label,Result,Signal,Flashes/Time,Meastime,MeasInfo,,,,,,,,,,
1,US LUM 96 (cps),0,716,0.1,00:00.0,De=USLum Ex=N/A Em=N/A Wdw=N/A,,,,,,,,,,
,,,,,,,,,,,,,,,,
Results for US LUM 96 (cps)(1) - channel 0 (CPS),,,,,,,,,,,,,,,,
,1,2,3,4,5,6,7,8,9,10,11,12,,,,
A,,,,,,,,,,,,,,,,
B,,5687680,9094080,27816320,,9274960,17867600,36935600,,,,,,,,
C,,116280,817120,8155280,,100560,52800,1195640,,,,,,,,
D,,3920,67040,716160,,12400,10960,396240,4193120,3770400,3616400,,,,,
E,,170840,953520,8334160,,12306200,2731120,16704720,,,,,,,,
F,,10920,9560,278280,,4191720,150200,3746040,,,,,,,,
G,,1840,3240,39760,,355560,1720,35520,,,,,,,,
H,,,,,,,,,,,,,,,,
,,,,,,,,,,,,,,,,
Plate information ,,,,,,,,,,,,,,,,
Plate,Repeat,Barcode,Measured height,Chamber temperature at start,Chamber temperature at end,Humidity at start,Humidity at end,Ambient temperature at start,Ambient temperature at end,Group,Label,ScanX,ScanY,Measinfo,Kinetics,Measurement date
1,21,,14.53,25,24.95,43.3,43.6,22.48,22.48,1,US LUM 96 (cps)(1),0,0,De=USLum Ex=N/A Em=N/A Wdw=N/A,0,11/6/2020 16:51
,,,,,,,,,,,,,,,,
Background information,,,,,,,,,,,,,,,,
Plate,Label,Result,Signal,Flashes/Time,Meastime,MeasInfo,,,,,,,,,,
1,US LUM 96 (cps),0,716,0.1,00:00.0,De=USLum Ex=N/A Em=N/A Wdw=N/A,,,,,,,,,,
,,,,,,,,,,,,,,,,
Results for US LUM 96 (cps)(1) - channel 0 (CPS),,,,,,,,,,,,,,,,
,1,2,3,4,5,6,7,8,9,10,11,12,,,,
A,,,,,,,,,,,,,,,,
B,,5452800,8714280,26407240,,9074160,17390360,35471520,,,,,,,,
C,,109640,775040,7839400,,99080,51640,1167080,,,,,,,,
D,,3720,64320,688160,,11680,10720,388600,4174880,3784200,3621000,,,,,
E,,168120,936440,8003920,,12161280,2750840,16578120,,,,,,,,
F,,10600,9840,265760,,4094040,148080,3673360,,,,,,,,
G,,2200,2760,39480,,349440,1680,35240,,,,,,,,
H,,,,,,,,,,,,,,,,
,,,,,,,,,,,,,,,,
Plate information ,,,,,,,,,,,,,,,,
Plate,Repeat,Barcode,Measured height,Chamber temperature at start,Chamber temperature at end,Humidity at start,Humidity at end,Ambient temperature at start,Ambient temperature at end,Group,Label,ScanX,ScanY,Measinfo,Kinetics,Measurement date
1,22,,14.53,25,24.95,43.9,43.6,22.58,22.58,1,US LUM 96 (cps)(1),0,0,De=USLum Ex=N/A Em=N/A Wdw=N/A,0,11/6/2020 16:52
,,,,,,,,,,,,,,,,
Background information,,,,,,,,,,,,,,,,
Plate,Label,Result,Signal,Flashes/Time,Meastime,MeasInfo,,,,,,,,,,
1,US LUM 96 (cps),0,716,0.1,00:00.0,De=USLum Ex=N/A Em=N/A Wdw=N/A,,,,,,,,,,
,,,,,,,,,,,,,,,,
Results for US LUM 96 (cps)(1) - channel 0 (CPS),,,,,,,,,,,,,,,,
,1,2,3,4,5,6,7,8,9,10,11,12,,,,
A,,,,,,,,,,,,,,,,
B,,5201600,8321880,25102240,,8883640,16911160,34033520,,,,,,,,
C,,104560,739960,7517640,,95240,50160,1154840,,,,,,,,
D,,3560,60640,657960,,12040,10480,380440,4165360,3790840,3628240,,,,,
E,,164040,909600,7680080,,12051720,2785960,16476360,,,,,,,,
F,,10200,9160,255920,,4000640,149000,3603120,,,,,,,,
G,,1760,2960,39240,,347800,1640,33880,,,,,,,,
H,,,,,,,,,,,,,,,,
,,,,,,,,,,,,,,,,
Plate information ,,,,,,,,,,,,,,,,
Plate,Repeat,Barcode,Measured height,Chamber temperature at start,Chamber temperature at end,Humidity at start,Humidity at end,Ambient temperature at start,Ambient temperature at end,Group,Label,ScanX,ScanY,Measinfo,Kinetics,Measurement date
1,23,,14.53,24.95,25,43.6,43.6,22.58,22.48,1,US LUM 96 (cps)(1),0,0,De=USLum Ex=N/A Em=N/A Wdw=N/A,0,11/6/2020 16:53
,,,,,,,,,,,,,,,,
Background information,,,,,,,,,,,,,,,,
Plate,Label,Result,Signal,Flashes/Time,Meastime,MeasInfo,,,,,,,,,,
1,US LUM 96 (cps),0,716,0.1,00:00.0,De=USLum Ex=N/A Em=N/A Wdw=N/A,,,,,,,,,,
,,,,,,,,,,,,,,,,
Results for US LUM 96 (cps)(1) - channel 0 (CPS),,,,,,,,,,,,,,,,
,1,2,3,4,5,6,7,8,9,10,11,12,,,,
A,,,,,,,,,,,,,,,,
B,,4946640,7951720,23883600,,8655600,16465600,32751640,,,,,,,,
C,,98640,706320,7213960,,94440,50400,1125480,,,,,,,,
D,,3520,56960,630080,,11600,10600,375440,4136400,3778400,3620120,,,,,
E,,155680,893720,7386640,,11949760,2821200,16309240,,,,,,,,
F,,10560,9320,253560,,3921880,148520,3546880,,,,,,,,
G,,1920,2920,37880,,343600,1960,33440,,,,,,,,
H,,,,,,,,,,,,,,,,
,,,,,,,,,,,,,,,,
Plate information ,,,,,,,,,,,,,,,,
Plate,Repeat,Barcode,Measured height,Chamber temperature at start,Chamber temperature at end,Humidity at start,Humidity at end,Ambient temperature at start,Ambient temperature at end,Group,Label,ScanX,ScanY,Measinfo,Kinetics,Measurement date
1,24,,14.53,25,24.95,43.6,43.7,22.48,22.38,1,US LUM 96 (cps)(1),0,0,De=USLum Ex=N/A Em=N/A Wdw=N/A,0,11/6/2020 16:54
,,,,,,,,,,,,,,,,
Background information,,,,,,,,,,,,,,,,
Plate,Label,Result,Signal,Flashes/Time,Meastime,MeasInfo,,,,,,,,,,
1,US LUM 96 (cps),0,716,0.1,00:00.0,De=USLum Ex=N/A Em=N/A Wdw=N/A,,,,,,,,,,
,,,,,,,,,,,,,,,,
Results for US LUM 96 (cps)(1) - channel 0 (CPS),,,,,,,,,,,,,,,,
,1,2,3,4,5,6,7,8,9,10,11,12,,,,
A,,,,,,,,,,,,,,,,
B,,4727360,7632600,22727760,,8455160,16003680,31455160,,,,,,,,
C,,91760,670800,6929120,,91760,49600,1098760,,,,,,,,
D,,3560,55120,608880,,11120,10160,362320,4112720,3756840,3599560,,,,,
E,,152920,873520,7112920,,11793800,2836920,16159720,,,,,,,,
F,,9960,8960,244640,,3860000,148880,3493720,,,,,,,,
G,,1920,3240,39120,,339560,1600,33400,,,,,,,,
H,,,,,,,,,,,,,,,,
,,,,,,,,,,,,,,,,
Plate information ,,,,,,,,,,,,,,,,
Plate,Repeat,Barcode,Measured height,Chamber temperature at start,Chamber temperature at end,Humidity at start,Humidity at end,Ambient temperature at start,Ambient temperature at end,Group,Label,ScanX,ScanY,Measinfo,Kinetics,Measurement date
1,25,,14.53,25,25,43.7,43.7,22.38,22.38,1,US LUM 96 (cps)(1),0,0,De=USLum Ex=N/A Em=N/A Wdw=N/A,0,11/6/2020 16:55
,,,,,,,,,,,,,,,,
Background information,,,,,,,,,,,,,,,,
Plate,Label,Result,Signal,Flashes/Time,Meastime,MeasInfo,,,,,,,,,,
1,US LUM 96 (cps),0,716,0.1,00:00.0,De=USLum Ex=N/A Em=N/A Wdw=N/A,,,,,,,,,,
,,,,,,,,,,,,,,,,
Results for US LUM 96 (cps)(1) - channel 0 (CPS),,,,,,,,,,,,,,,,
,1,2,3,4,5,6,7,8,9,10,11,12,,,,
A,,,,,,,,,,,,,,,,
B,,4505240,7310800,21635960,,8253920,15540840,30206880,,,,,,,,
C,,86920,638680,6664520,,90400,48840,1082160,,,,,,,,
D,,3440,53200,586880,,10320,10560,357040,4072680,3732200,3584520,,,,,
E,,146720,844320,6823120,,11701400,2862040,16030680,,,,,,,,
F,,9760,8960,242120,,3802560,150480,3447000,,,,,,,,
G,,2000,3040,38240,,337320,1640,32680,,,,,,,,
H,,,,,,,,,,,,,,,,
,,,,,,,,,,,,,,,,
Plate information ,,,,,,,,,,,,,,,,
Plate,Repeat,Barcode,Measured height,Chamber temperature at start,Chamber temperature at end,Humidity at start,Humidity at end,Ambient temperature at start,Ambient temperature at end,Group,Label,ScanX,ScanY,Measinfo,Kinetics,Measurement date
1,26,,14.53,25.05,25,43.7,43.3,22.48,22.77,1,US LUM 96 (cps)(1),0,0,De=USLum Ex=N/A Em=N/A Wdw=N/A,0,11/6/2020 16:56
,,,,,,,,,,,,,,,,
Background information,,,,,,,,,,,,,,,,
Plate,Label,Result,Signal,Flashes/Time,Meastime,MeasInfo,,,,,,,,,,
1,US LUM 96 (cps),0,716,0.1,00:00.0,De=USLum Ex=N/A Em=N/A Wdw=N/A,,,,,,,,,,
,,,,,,,,,,,,,,,,
Results for US LUM 96 (cps)(1) - channel 0 (CPS),,,,,,,,,,,,,,,,
,1,2,3,4,5,6,7,8,9,10,11,12,,,,
A,,,,,,,,,,,,,,,,
B,,4308040,7002240,20577520,,8077040,15111680,28993400,,,,,,,,
C,,82360,608920,6373800,,86320,47960,1058680,,,,,,,,
D,,3240,52440,563080,,10160,9840,349280,4033160,3711720,3570200,,,,,
E,,142560,828880,6577320,,11596000,2883280,15914840,,,,,,,,
F,,10280,9080,234920,,3732800,150000,3404840,,,,,,,,
G,,1960,2680,37840,,332320,1560,33320,,,,,,,,
H,,,,,,,,,,,,,,,,
,,,,,,,,,,,,,,,,
Plate information ,,,,,,,,,,,,,,,,
Plate,Repeat,Barcode,Measured height,Chamber temperature at start,Chamber temperature at end,Humidity at start,Humidity at end,Ambient temperature at start,Ambient temperature at end,Group,Label,ScanX,ScanY,Measinfo,Kinetics,Measurement date
1,27,,14.53,25.05,25,43.3,43.6,22.68,22.58,1,US LUM 96 (cps)(1),0,0,De=USLum Ex=N/A Em=N/A Wdw=N/A,0,11/6/2020 16:57
,,,,,,,,,,,,,,,,
Background information,,,,,,,,,,,,,,,,
Plate,Label,Result,Signal,Flashes/Time,Meastime,MeasInfo,,,,,,,,,,
1,US LUM 96 (cps),0,716,0.1,00:00.0,De=USLum Ex=N/A Em=N/A Wdw=N/A,,,,,,,,,,
,,,,,,,,,,,,,,,,
Results for US LUM 96 (cps)(1) - channel 0 (CPS),,,,,,,,,,,,,,,,
,1,2,3,4,5,6,7,8,9,10,11,12,,,,
A,,,,,,,,,,,,,,,,
B,,4118440,6683320,19599320,,7877920,14690080,27898800,,,,,,,,
C,,76800,578800,6132000,,86280,46840,1033360,,,,,,,,
D,,3320,50280,538400,,9920,9160,341040,3992680,3677360,3529640,,,,,
E,,139600,804280,6320560,,11499400,2901520,15788560,,,,,,,,
F,,9560,8920,229840,,3702320,148560,3350040,,,,,,,,
G,,1640,2880,39120,,329600,1600,32160,,,,,,,,
H,,,,,,,,,,,,,,,,
,,,,,,,,,,,,,,,,
Plate information ,,,,,,,,,,,,,,,,
Plate,Repeat,Barcode,Measured height,Chamber temperature at start,Chamber temperature at end,Humidity at start,Humidity at end,Ambient temperature at start,Ambient temperature at end,Group,Label,ScanX,ScanY,Measinfo,Kinetics,Measurement date
1,28,,14.53,25,25.05,43.4,43.4,22.58,22.58,1,US LUM 96 (cps)(1),0,0,De=USLum Ex=N/A Em=N/A Wdw=N/A,0,11/6/2020 16:58
,,,,,,,,,,,,,,,,
Background information,,,,,,,,,,,,,,,,
Plate,Label,Result,Signal,Flashes/Time,Meastime,MeasInfo,,,,,,,,,,
1,US LUM 96 (cps),0,716,0.1,00:00.0,De=USLum Ex=N/A Em=N/A Wdw=N/A,,,,,,,,,,
,,,,,,,,,,,,,,,,
Results for US LUM 96 (cps)(1) - channel 0 (CPS),,,,,,,,,,,,,,,,
,1,2,3,4,5,6,7,8,9,10,11,12,,,,
A,,,,,,,,,,,,,,,,
B,,3928600,6410760,18662160,,7680080,14245240,26839280,,,,,,,,
C,,73080,551600,5894400,,83080,45640,1017880,,,,,,,,
D,,3440,47520,516040,,9480,9160,332000,3940920,3666440,3511600,,,,,
E,,132480,781200,6077040,,11415200,2920080,15665000,,,,,,,,
F,,9600,9040,226680,,3644840,151080,3321320,,,,,,,,
G,,1720,3200,37240,,325840,1440,32200,,,,,,,,
H,,,,,,,,,,,,,,,,
,,,,,,,,,,,,,,,,
Plate information ,,,,,,,,,,,,,,,,
Plate,Repeat,Barcode,Measured height,Chamber temperature at start,Chamber temperature at end,Humidity at start,Humidity at end,Ambient temperature at start,Ambient temperature at end,Group,Label,ScanX,ScanY,Measinfo,Kinetics,Measurement date
1,29,,14.53,25,25.05,43.3,43.4,22.68,22.48,1,US LUM 96 (cps)(1),0,0,De=USLum Ex=N/A Em=N/A Wdw=N/A,0,11/6/2020 16:59
,,,,,,,,,,,,,,,,
Background information,,,,,,,,,,,,,,,,
Plate,Label,Result,Signal,Flashes/Time,Meastime,MeasInfo,,,,,,,,,,
1,US LUM 96 (cps),0,716,0.1,00:00.0,De=USLum Ex=N/A Em=N/A Wdw=N/A,,,,,,,,,,
,,,,,,,,,,,,,,,,
Results for US LUM 96 (cps)(1) - channel 0 (CPS),,,,,,,,,,,,,,,,
,1,2,3,4,5,6,7,8,9,10,11,12,,,,
A,,,,,,,,,,,,,,,,
B,,3747640,6144320,17788800,,7468720,13835120,25800360,,,,,,,,
C,,69240,528440,5643080,,82520,46080,994600,,,,,,,,
D,,3160,44680,497400,,9120,10000,327400,3886480,3610840,3472480,,,,,
E,,129440,761040,5863320,,11301480,2928440,15546880,,,,,,,,
F,,8880,8400,222200,,3604440,149520,3289200,,,,,,,,
G,,1760,2760,36680,,324000,1640,31400,,,,,,,,
H,,,,,,,,,,,,,,,,
,,,,,,,,,,,,,,,,
Plate information ,,,,,,,,,,,,,,,,
Plate,Repeat,Barcode,Measured height,Chamber temperature at start,Chamber temperature at end,Humidity at start,Humidity at end,Ambient temperature at start,Ambient temperature at end,Group,Label,ScanX,ScanY,Measinfo,Kinetics,Measurement date
1,30,,14.53,25.05,25.05,43.4,43.4,22.58,22.48,1,US LUM 96 (cps)(1),0,0,De=USLum Ex=N/A Em=N/A Wdw=N/A,0,11/6/2020 17:00
,,,,,,,,,,,,,,,,
Background information,,,,,,,,,,,,,,,,
Plate,Label,Result,Signal,Flashes/Time,Meastime,MeasInfo,,,,,,,,,,
1,US LUM 96 (cps),0,716,0.1,00:00.0,De=USLum Ex=N/A Em=N/A Wdw=N/A,,,,,,,,,,
,,,,,,,,,,,,,,,,
Results for US LUM 96 (cps)(1) - channel 0 (CPS),,,,,,,,,,,,,,,,
,1,2,3,4,5,6,7,8,9,10,11,12,,,,
A,,,,,,,,,,,,,,,,
B,,3592200,5902920,16935480,,7297920,13443040,24792920,,,,,,,,
C,,62480,497040,5405400,,79840,45120,968040,,,,,,,,
D,,3080,43000,478520,,9080,8400,318400,3822920,3574440,3433400,,,,,
E,,126760,743840,5641280,,11204560,2946200,15427920,,,,,,,,
F,,8600,8720,215320,,3565600,148120,3238760,,,,,,,,
G,,1760,2600,36280,,324320,1720,31600,,,,,,,,
H,,,,,,,,,,,,,,,,
,,,,,,,,,,,,,,,,
,,,,,,,,,,,,,,,,
Basic assay information ,,,,,,,,,,,,,,,,
Assay ID: ,,,,6019,,,,,,,,,,,,
Assay Started: ,,,,11/6/2020 16:30,,,,,,,,,,,,
Assay Finished: ,,,,11/6/2020 17:00,,,,,,,,,,,,
Assay Exported: ,,,,11/6/2020 17:00,,,,,,,,,,,,
Protocol ID: ,,,,100322,,,,,,,,,,,,
Protocol Name: ,,,,gLuc timelapse,,,,,,,,,,,,
Serial#: ,,,,1040543,,,,,,,,,,,,
,,,,,,,,,,,,,,,,
,,,,,,,,,,,,,,,,
,,,,,,,,,,,,,,,,
Protocol information,,,,,,,,,,,,,,,,
Protocol:,,,,,,,,,,,,,,,,
Protocol name,,,,gLuc timelapse,,,,,,,,,,,,
Number of assay repeats,,,,1,,,,,,,,,,,,
Start assay repeat each,,,,N/A,,,,,,,,,,,,
Number of plate repeats,,,,30,,,,,,,,,,,,
Start plate repeat each,,,,1 min ,,,,,,,,,,,,
Is label meas. height used,,,,Yes,,,,,,,,,,,,
Height of measurement,,,,Defined in label,,,,,,,,,,,,
Is gripper height used,,,,No,,,,,,,,,,,,
Mode of measurement,,,,By Rows  bi-directional,,,,,,,,,,,,
Rotated plate,,,,No,,,,,,,,,,,,
Soft move,,,,Yes,,,,,,,,,,,,
Protocol notes,,,, ,,,,,,,,,,,,
,,,,,,,,,,,,,,,,
Plate type:,,,,,,,,,,,,,,,,
Name of the plate type,,,,96 General,,,,,,,,,,,,
Number of rows,,,,8,,,,,,,,,,,,
Number of columns,,,,12,,,,,,,,,,,,
Number of the wells in the plate,,,,96,,,,,,,,,,,,
Height of the plate,,,,14.35 mm,,,,,,,,,,,,
,,,,,,,,,,,,,,,,
Coordinates of corners:,,,,,,,,,,,,,,,,
96 General + US LUM 96 (cps),,,,,,,,,,,,,,,,
14.38 mm x------------------------------------------------------ x 112.64 mm,,,,,,,,,,,,,,,,
11.24 mm                                                           11.17 mm,,,,,,,,,,,,,,,,
,,,,,,,,,,,,,,,,
14.38 mm x------------------------------------------------------ x 113.35 mm,,,,,,,,,,,,,,,,
74.24 mm                                                           74.25 mm,,,,,,,,,,,,,,,,
,,,,,,,,,,,,,,,,
Platemap:,,,,,,,,,,,,,,,,
Plate,,,,1,,,,,,,,,,,,
Group,,,,1,,,,,,,,,,,,
,,,,,,,,,,,,,,,,
,1,2,3,4,5,6,7,8,9,10,11,12,,,,
A,  ,  ,  ,  ,  ,  ,  ,  ,  ,  ,  ,  ,,,,
B,  ,- ,- ,- ,  ,- ,- ,- ,  ,  ,  ,  ,,,,
C,  ,- ,- ,- ,  ,- ,- ,- ,  ,  ,  ,  ,,,,
D,  ,- ,- ,- ,  ,- ,- ,- ,- ,- ,- ,  ,,,,
E,  ,- ,- ,- ,  ,- ,- ,- ,  ,  ,  ,  ,,,,
F,  ,- ,- ,- ,  ,- ,- ,- ,  ,  ,  ,  ,,,,
G,  ,- ,- ,- ,  ,- ,- ,- ,  ,  ,  ,  ,,,,
H,  ,  ,  ,  ,  ,  ,  ,  ,  ,  ,  ,  ,,,,
,,,,,,,,,,,,,,,,
 - - Undefined,,,,,,,,,,,,,,,,
,,,,,,,,,,,,,,,,
Calculations:,,,,,,,,,,,,,,,,
No calculations.,,,,,,,,,,,,,,,,
,,,,,,,,,,,,,,,,
Auto export parameters:,,,,,,,,,,,,,,,,
Export format,,,,Plate2,,,,,,,,,,,,
Include basic assay information,,,,Yes,,,,,,,,,,,,
Place assay information at,,,,End of file,,,,,,,,,,,,
Include basic plate information,,,,Yes,,,,,,,,,,,,
Place plate information at,,,,Beginning of plate,,,,,,,,,,,,
Include protocol information,,,,Yes,,,,,,,,,,,,
Protocol info level,,,,Large,,,,,,,,,,,,
Include error and warning information,,,,Yes,,,,,,,,,,,,
Include background information,,,,Yes,,,,,,,,,,,,
Add plate number to the file name,,,,Yes,,,,,,,,,,,,
Each plate to separate file,,,,No,,,,,,,,,,,,
Field separator to use,,,,System,,,,,,,,,,,,
File name format,,,,C:\Documents and Settings\User\Desktop\Kean_Lab\<Date>\<ProtocolName>_<AssayID>.csv,,,,,,,,,,,,
,,,,,,,,,,,,,,,,
Operations:,,,,,,,,,,,,,,,,
Plate 1,,,,,,,,,,,,,,,,
  Group 1,,,,,,,,,,,,,,,,
    Temperature control,,,,,,,,,,,,,,,,
      Measurement chamber temperature,,,,25 °C,,,,,,,,,,,,
      Fast start,,,,Yes,,,,,,,,,,,,
      First assay/plate repeat affected,,,,1,,,,,,,,,,,,
      Last assay/plate repeat affected,,,,1,,,,,,,,,,,,
    Shake,,,,,,,,,,,,,,,,
      Duration,,,,1 s,,,,,,,,,,,,
      Speed,,,,250,,,,,,,,,,,,
      Diameter,,,,1 mm,,,,,,,,,,,,
      Shake mode,,,,Double orbital,,,,,,,,,,,,
      Plate location,,,,Inside,,,,,,,,,,,,
      First assay/plate repeat affected,,,,1,,,,,,,,,,,,
      Last assay/plate repeat affected,,,,1,,,,,,,,,,,,
    Measurement,,,,,,,,,,,,,,,,
      Label,,,,US LUM 96 (cps)(1),,,,,,,,,,,,
,,,,,,,,,,,,,,,,
Labels:,,,,,,,,,,,,,,,,
US LUM 96 (cps),,,,7500002,,,,,,,,,,,,
Measurement height,,,,0 mm,,,,,,,,,,,,
Measurement time,,,,0.1 s,,,,,,,,,,,,
CT,,,,0,,,,,,,,,,,,
Aperture,,,,96 Plate US Luminescence aperture,,,,,,,,,,,,
Last edited,,,,2/23/2010 6:39,,,,,,,,,,,,
Last edited by,,,,Installation,,,,,,,,,,,,
Factory preset,,,,Yes,,,,,,,,,,,,
,,,,,,,,,,,,,,,,
Aperture:,,,,,,,,,,,,,,,,
96 Plate US Luminescence aperture,,,,8,,,,,,,,,,,,
Height,,,,4.2 mm,,,,,,,,,,,,
Diameter,,,,6 mm,,,,,,,,,,,,
Description,,,, ,,,,,,,,,,,,
Last edited,,,,2/23/2010 6:39,,,,,,,,,,,,
Last edited by,,,,Installation,,,,,,,,,,,,
Factory preset,,,,Yes,,,,,,,,,,,,
,,,,,,,,,,,,,,,,
Instrument:,,,,,,,,,,,,,,,,
Serial number,,,,1040543,,,,,,,,,,,,
Nickname,,,,EnVision,,,,,,,,,,,,
,,,,,,,,,,,,,,,,
Normalization:,,,,,,,,,,,,,,,,
,,,,,,,,,,,,,,,,
,,,,,,,,,,,,,,,,
,,,,,,,,,,,,,,,,
,,,,,,,,,,,,,,,,
,,,,,,,,,,,,,,,,
Exported with EnVision Workstation version 1.12,,,,,,,,,,,,,,,,
